{
   "questions":[
      {
         "text":"¿En cuál de los siguientes países no hay ningún desierto?",
         "answers":[
            "Alemania",
            "España",
            "Chile",
            "Mongolia"
         ],
         "category":0
      },
      {
         "text":"¿Qué es el Cabo de Creus?",
         "answers":[
            "El punto más oriental de la Península",
            "El punto más oriental de España",
            "El punto más oriental de Cataluña",
            "El punto más oriental del mundo"
         ],
         "category":0
      },
      {
         "text":"¿Con cuántos países limita Argentina?",
         "answers":[
            "Cinco",
            "Cuatro",
            "Tres",
            "Seis"
         ],
         "category":0
      },
      {
         "text":"¿Qué accidente geográfico se define como un conjunto de islas, islotes y diminutas masas de tierra cercanas entre sí?",
         "answers":[
            "Archipiélago",
            "Península",
            "Islotes",
            "Meandro"
         ],
         "category":0
      },
      {
         "text":"¿Dónde vivía Pablo Escobar?",
         "answers":[
            "Colombia",
            "Ecuador",
            "Argentina",
            "España"
         ],
         "category":0
      },
      {
         "text":"¿Cuántos mangos por lado tiene el futbolín?",
         "answers":[
            "Cuatro",
            "Tres",
            "Dos",
            "Cinco"
         ],
         "category":0
      },
      {
         "text":"¿Cuál de las siguientes modalidades no forma parte del deporte rural vasco?",
         "answers":[
            "Desintegramiento de piedra",
            "Corte de troncos",
            "Lanzamiento de fardo",
            "Arrastre de piedra"
         ],
         "category":0
      },
      {
         "text":"¿Quién inventó el arte marcial llamado Jeet Kune Do?",
         "answers":[
            "Bruce Lee",
            "David Carradine",
            "Kato Mimoko",
            "Kung-fu Panda"
         ],
         "category":0
      },
      {
         "text":"¿Cuál de los siguientes es un truco de skate?",
         "answers":[
            "Ollie",
            "Mollie",
            "Clop",
            "Superclop"
         ],
         "category":0
      },
      {
         "text":"¿Quién pintó el cuado “El jardín de las delicias”?",
         "answers":[
            "El Bosco",
            "Carvaggio",
            "Velázquez",
            "Arcimboldo"
         ],
         "category":0
      },
      {
         "text":"¿Quién escribió “El viejo y el mar?",
         "answers":[
            "Ernest Hemingway",
            "Norman Mailer",
            "Gabriel García Márquez",
            "Truman Capote"
         ],
         "category":0
      },
      {
         "text":"¿Quién vivía en el 221B de Backer Street?",
         "answers":[
            "Sherlock Holmes",
            "Truman Capote",
            "Philip Marlowe",
            "Arthur Conan Doyle"
         ],
         "category":0
      },
      {
         "text":"¿Quién es el autor de “Moby Dick”?",
         "answers":[
            "Herman Melville",
            "Henry David Thoreau",
            "Ralph Waldo Emerson",
            "Henry James"
         ],
         "category":0
      },
      {
         "text":"¿Cómo se llama a la gente que no posee magia en la saga de Harry Potter?",
         "answers":[
            "Muggles",
            "Impuro",
            "Simplón",
            "Humano"
         ],
         "category":0
      },
      {
         "text":"¿Qué filósofo dijo ‘solo sé que no sé nada’?",
         "answers":[
            "Sócrates",
            "Heráclito",
            "Platón",
            "Eneides"
         ],
         "category":0
      },
      {
         "text":"¿Con que filme ganó un premio Oscar en 2014 el director Alfonso Cuarón?",
         "answers":[
            "Gravity",
            "Brave",
            "Origen",
            "Watchmen"
         ],
         "category":0
      },
      {
         "text":"¿Dónde podemos ver el museo Domus?",
         "answers":[
            "A Coruña",
            "Madrid",
            "San Sebastián",
            "Murcia del Mar"
         ],
         "category":0
      },
      {
         "text":"¿Qué contiene el cactus llamado peyote?",
         "answers":[
            "Mescalina",
            "LSD",
            "MDMA",
            "Salvia"
         ],
         "category":0
      },
      {
         "text":"¿Cuál de los siguientes órganos NO es parte del sistema inmunológico?",
         "answers":[
            "Esófago",
            "Bazo",
            "Timo ",
            "Médula ósea"
         ],
         "category":0
      },
      {
         "text":"¿Cuántos estómagos tiene una vaca?",
         "answers":[
            "Cuatro",
            "Tres",
            "Dos",
            "Uno"
         ],
         "category":0
      },
      {
         "text":"¿Por qué los cocodrilos mantienen la boca abierta durante largo rato?",
         "answers":[
            "Para calentarse",
            "Para hacer la digestión",
            "Para beber agua",
            "Por si cae algo de comer"
         ],
         "category":0
      }
   ]
}