{"questions":[{"text":"¿En cuál de los siguientes países no hay ningún desierto?","answers":["Alemania","España","Chile","Mongolia"],"category":3},{"text":"¿Qué es el Cabo de Creus?","answers":["El punto más oriental de la Península","El punto más oriental de España","El punto más oriental de Cataluña","El punto más oriental del mundo"],"category":3},{"text":"¿Con cuántos países limita Argentina?","answers":["Cinco","Cuatro","Tres","Seis"],"category":3},{"text":"¿Qué accidente geográfico se define como un conjunto de islas, islotes y diminutas masas de tierra cercanas entre sí?","answers":["Archipiélago","Península","Islotes","Meandro"],"category":3},{"text":"¿Dónde vivía Pablo Escobar?","answers":["Colombia","Ecuador","Argentina","España"],"category":2},{"text":"¿Cuántos mangos por lado tiene el futbolín?","answers":["Cuatro","Tres","Dos","Cinco"],"category":2},{"text":"¿Cuál de las siguientes modalidades no forma parte del deporte rural vasco?","answers":["Desintegramiento de piedra","Corte de troncos","Lanzamiento de fardo","Arrastre de piedra"],"category":2},{"text":"¿Quién inventó el arte marcial llamado Jeet Kune Do?","answers":["Bruce Lee","David Carradine","Kato Mimoko","Kung-fu Panda"],"category":2},{"text":"¿Cuál de los siguientes es un truco de skate?","answers":["Ollie","Mollie","Clop","Superclop"],"category":2},{"text":"¿Quién pintó el cuado “El jardín de las delicias”?","answers":["El Bosco","Carvaggio","Velázquez","Arcimboldo"],"category":3},{"text":"¿Quién escribió “El viejo y el mar?","answers":["Ernest Hemingway","Norman Mailer","Gabriel García Márquez","Truman Capote"],"category":0},{"text":"¿Quién vivía en el 221B de Backer Street?","answers":["Sherlock Holmes","Truman Capote","Philip Marlowe","Arthur Conan Doyle"],"category":0},{"text":"¿Quién es el autor de “Moby Dick”?","answers":["Herman Melville","Henry David Thoreau","Ralph Waldo Emerson","Henry James"],"category":0},{"text":"¿Cómo se llama a la gente que no posee magia en la saga de Harry Potter?","answers":["Muggles","Impuro","Simplón","Humano"],"category":0},{"text":"¿Qué filósofo dijo ‘solo sé que no sé nada’?","answers":["Sócrates","Heráclito","Platón","Eneides"],"category":3},{"text":"¿Con que filme ganó un premio Oscar en 2014 el director Alfonso Cuarón?","answers":["Gravity","Brave","Origen","Watchmen"],"category":1},{"text":"¿Dónde podemos ver el museo Domus?","answers":["A Coruña","Madrid","San Sebastián","Murcia del Mar"],"category":3},{"text":"¿Qué contiene el cactus llamado peyote?","answers":["Mescalina","LSD","MDMA","Salvia"],"category":3},{"text":"¿Cuál de los siguientes órganos NO es parte del sistema inmunológico?","answers":["Esófago","Bazo","Timo ","Médula ósea"],"category":3},{"text":"¿Cuántos estómagos tiene una vaca?","answers":["Cuatro","Tres","Dos","Uno"],"category":3},{"text":"¿Por qué los cocodrilos mantienen la boca abierta durante largo rato?","answers":["Para calentarse","Para hacer la digestión","Para beber agua","Por si cae algo de comer"],"category":3},{"text":"¿En qué film sonaba la canción 'No sonrías nunca a un cocodrilo'?","answers":["Peter Pan","Fantasía","Blancanieves","Dumbo"],"category":1},{"text":"¿Con qué nombre se conoce la guerra que duró menos de una semana?","answers":["De los Seis Días","Guerra Santa","De Secesión","Guerra Civil Española"],"category":0},{"text":"¿Qué coche era 'el cuatro plazas con nervio'?","answers":["Simca","600","850","R8"],"category":1},{"text":"¿De qué lengua procede la palabra anorak?","answers":["Esquimal","Latín","Ruso","Árabe"],"category":3},{"text":"¿Qué tebeo incluía a la familia Telerín, Bugs Bunny y la perrita Marilín?","answers":["Din Dan","DDT","Pulgarcito","TBO"],"category":0},{"text":"¿En qué ciudad se celebra la mayor marathón del mundo?","answers":["Nueva york","Tokio","Madrid","Ciudad de México"],"category":2},{"text":"¿Cómo se llama la bandera vasca?","answers":["Ikurriña","Tronca","Estelada","Cruz de San Olaf"],"category":2},{"text":"¿Qué revolución floreció en Portugal en 1974?","answers":["De los claveles","La revolución industrial","El Trienio Liberal","La Gloriosa"],"category":0},{"text":"¿Qué canción de Abba tiene como título un nombre masculino español?","answers":["Fernando","Alejandro","Antonio","Pepe"],"category":1},{"text":"¿Qué país se unió al club nuclear al realizar su primera explosión en 1967?","answers":["China","Japón","Corea del Norte","Francia"],"category":0},{"text":"¿Cuántas cruces contiene la bandera de Grecia?","answers":["Una","Dos","Tres","Siete"],"category":3},{"text":"¿En qué tipo de edificación se suicidó Hitler?","answers":["Bunker","Iglú","Una mina","Una discoteca"],"category":0},{"text":"¿Cuántos lados tiene un dodecaedro?","answers":["Doce","Diez","Catorce","Ninguno"],"category":3},{"text":"¿En qué año hizo Sean Connery el papel de James Bond por primera vez?","answers":["1962","1967","1980","1974"],"category":1},{"text":"¿De qué enfermedad muere Jenny en 'Love Story'?","answers":["Leucemia","Rubeola","Lupus","Alzeimer"],"category":1},{"text":"¿Qué espía de ficción tenía una cicatriz de 7 cm. en la mejilla?","answers":["James Bond","Doctor Maligno","Ada Wong","Natasha Romanova"],"category":0},{"text":"¿Quién dirigió la serie 'Anillos de oro'?","answers":["Pedro Masó","Luis Buñuel","Pedro Almodovar","Ana Diosdado"],"category":1},{"text":"¿Qué revista saluda al pueblo español?","answers":["Hola","Cambio 16","Semana","Cuore"],"category":0},{"text":"¿Qué actriz escribió el libro 'En forma'?","answers":["Jane Fonda","Doris Day","Scarlett Johansson","Kate Winslet"],"category":0},{"text":"¿Qué rancho estaba muy cerca de Virginia City?","answers":["La Ponderosa","La Moncloa","Rancho Skywalker","El rancho de 'Ánsar'"],"category":1},{"text":"¿Qué país rico en petróleo tiene como himno 'Gloria al bravo pueblo'?l","answers":["Venezuela","Argentina","México","E.E.U.U."],"category":3},{"text":"¿Qué héroe de cómic se llama Peter Parker?","answers":["Spiderman","Superman","Batman","Doctor Extraño"],"category":0},{"text":"¿En qué ciudad se formó el primer gobierno de Franco?","answers":["Burgos","Córdoba","Ávila","Ceuta"],"category":3},{"text":"¿Qué personaje cabalga con Indio Toro?","answers":["El llanero solitario","John Wayne","Buffalo Bill","Toro Sentado"],"category":0},{"text":"¿Qué humorista solía decir que estaba hecho un mulo?","answers":["Tony Leblanc","Fernando Esteso","Blas Piñar","Gila"],"category":1},{"text":"¿Qué actriz nació en Roma el 20 de septiembre de 1934?","answers":["Sofía Loren","Lina Morgan","Charlize Theron","Penélope Cruz"],"category":2},{"text":"¿Quién cantaba 'Como un Rolling Stone' sin serlo?","answers":["Bob Dylan","Stevie Wonder","Paul McCartney","Plácido Domingo"],"category":1},{"text":"¿De qué idioma proceden los nombres de la mitad de los estados de Norteamérica?","answers":["Indio","Alemán","Inglés","Castellano"],"category":3},{"text":"¿Quién escribió 'De Fuerteventura a París'?","answers":["Miguel de Unamuno","Camilo José Cela","Ken Follet","Arturo Pérez-Reverte"],"category":0},{"text":"¿Qué título nobiliario posee Dalí?","answers":["Marqués","Señoría","Conde","Duque"],"category":1},{"text":"¿Qué actor de cine logró un segundo puesto las 24 horas de Le Mans?","answers":["Paul Newman","Imanol Arias","Kirk Douglas","Steve McQueen"],"category":2},{"text":"¿En qué país nació Octavio Paz?","answers":["México","Chile","Nicaragua","Venezuela"],"category":2},{"text":"¿Qué programa fue sustituido por 'Tiempo y Marca'?","answers":["Sobre el terreno","El tiempo es oro","La hora cero","Teledeporte"],"category":1},{"text":"¿Qué país dirigió el golpe de estado en Checoslovaquia?","answers":["U.R.S.S.","España","E.E.U.U.","Hungría"],"category":3},{"text":"¿Quién completa el trío en Bravo, Maldonado y...?","answers":["Padilla","Espartero","Young","Mantecado"],"category":3},{"text":"¿Con qué fue arrollada Ana Karenina en la novela de Tolstoi?","answers":["Un tren","Un carro de caballos","Un Ferrari","Una motocicleta con sidecar"],"category":0},{"text":"¿Quién fue el cronista de TVE que retransmitió la llegada del hombre a la Luna?","answers":["Jesús Hermida","Matías Prats (padre)","Matías Prats (hijo)","Mercedes Milá"],"category":1},{"text":"¿Cómo se llama el edificio del Congreso de EE.UU.?","answers":["Capitolio","Casa Blanca","Pentágono","Monte Rushmore"],"category":3},{"text":"¿Cuál ha sido la canción más grabada de los Beatles?","answers":["Yesterday","Why don't we do it in the road?","Helter Skelter","Satisfaction"],"category":1},{"text":"¿En qué año se creó Rumasa?","answers":["1961","1991","1962","1974"],"category":2},{"text":"¿Con qué apodo se conoció en España a Oliver Hardy?","answers":["El Gordo","El Calvo","El Flaco","El Tuerto"],"category":2},{"text":"¿En qué año invadió la U.R.R.S. a Checoslovaquia?","answers":["1968","1969","1974","2001"],"category":3},{"text":"¿A qué ex-jugador del Barcelona le llamaban 'El Brujo'?","answers":["Enrique Castro 'Quini'","Maradona","Rexach","Johan Cruyff"],"category":2},{"text":"¿Qué actriz estuvo en 'La Plaza del Diamante'?","answers":["Silvia Munt","Ángela Molina","Ana Belén","Jennifer López"],"category":1},{"text":"¿Quién canta 'Cada loco con su tema'?","answers":["Serrat","Martirio","Alaska","Beyoncé"],"category":1},{"text":"¿Cuántos cuadros vendió Vincent Van Gogh durante su vida?","answers":["Uno","Varios","Doce","Ninguno"],"category":3},{"text":"¿Qué país sudamericano es el último en la lista alfabética?","answers":["Venezuela","Nicaragua","Guatemala","Surinam"],"category":3},{"text":"¿Qué actriz fue 'Emmanuelle'?","answers":["Sylvia Kristel","Marika Green","Kim Basinger","Penélope Cruz"],"category":1},{"text":"¿Quién vivía en el Elíseo antes de Miterrand?","answers":["Giscard d'Staing","Charles de Gaulle","Georges Pompidou","Louis-Napoléon Bonaparte"],"category":2}]}